experiment_id,hidden_sizes,learning_rate,batch_size,activation,init_scale,num_layers,total_neurons,avg_neurons,final_train_loss,final_val_loss,final_train_acc,final_val_acc,overfitting_gap
1,"[7, 7]",0.01,4,relu,0.05,2,14,7.0,0.111630072425216,0.11265403632813276,0.975609756097561,0.975609756097561,0.0
2,"[7, 7]",0.01,4,relu,0.1,2,14,7.0,0.10845601430570767,0.10939124923736211,0.975609756097561,0.975609756097561,0.0
3,"[7, 7]",0.01,4,relu,0.5,2,14,7.0,0.1243948308528665,0.11747455915187546,0.973170731707317,0.975609756097561,-0.0024390243902439046
4,"[7, 7]",0.01,4,sigmoid,0.05,2,14,7.0,0.6933284446146406,0.6933286008754584,0.5,0.5,0.0
5,"[7, 7]",0.01,4,sigmoid,0.1,2,14,7.0,0.6933117516856389,0.6933203751328819,0.5,0.5,0.0
6,"[7, 7]",0.01,4,sigmoid,0.5,2,14,7.0,0.6648399059079457,0.6718414028919633,0.6317073170731707,0.6097560975609756,0.02195121951219514
7,"[7, 7]",0.01,8,relu,0.05,2,14,7.0,0.30140620216912395,0.2879688821153473,0.948780487804878,0.9390243902439024,0.009756097560975618
8,"[7, 7]",0.01,8,relu,0.1,2,14,7.0,0.12271140988316469,0.12518350431600375,0.975609756097561,0.975609756097561,0.0
9,"[7, 7]",0.01,8,relu,0.5,2,14,7.0,0.11348665283883853,0.10955960466664912,0.975609756097561,0.975609756097561,0.0
10,"[7, 7]",0.01,8,sigmoid,0.05,2,14,7.0,0.6931475039731174,0.6931474435937666,0.5,0.5,0.0
11,"[7, 7]",0.01,8,sigmoid,0.1,2,14,7.0,0.6931467101753208,0.6931498548800759,0.6853658536585366,0.6585365853658537,0.02682926829268295
12,"[7, 7]",0.01,8,sigmoid,0.5,2,14,7.0,0.6891282551734484,0.6916489704255865,0.524390243902439,0.524390243902439,0.0
13,"[7, 7]",0.01,16,relu,0.05,2,14,7.0,0.6921560131914647,0.6922139955526952,0.7024390243902439,0.6707317073170732,0.03170731707317065
14,"[7, 7]",0.01,16,relu,0.1,2,14,7.0,0.4304507360713671,0.42650940616899496,0.875609756097561,0.9512195121951219,-0.07560975609756093
15,"[7, 7]",0.01,16,relu,0.5,2,14,7.0,0.12451246568520456,0.12194478811613005,0.975609756097561,0.975609756097561,0.0
16,"[7, 7]",0.01,16,sigmoid,0.05,2,14,7.0,0.6931479310028372,0.6931476483366371,0.5,0.5,0.0
17,"[7, 7]",0.01,16,sigmoid,0.1,2,14,7.0,0.6931495461386735,0.6931497627560628,0.5,0.5,0.0
18,"[7, 7]",0.01,16,sigmoid,0.5,2,14,7.0,0.6914663483372917,0.6933081265495014,0.5146341463414634,0.5121951219512195,0.0024390243902439046
19,"[7, 7]",0.05,4,relu,0.05,2,14,7.0,0.09823476687158972,0.09859610262580705,0.975609756097561,0.975609756097561,0.0
20,"[7, 7]",0.05,4,relu,0.1,2,14,7.0,0.09325538483076375,0.10781909896434203,0.975609756097561,0.975609756097561,0.0
21,"[7, 7]",0.05,4,relu,0.5,2,14,7.0,0.09582905397938819,0.10326788402854978,0.975609756097561,0.975609756097561,0.0
22,"[7, 7]",0.05,4,sigmoid,0.05,2,14,7.0,0.694094807249654,0.6941008092675833,0.5,0.5,0.0
23,"[7, 7]",0.05,4,sigmoid,0.1,2,14,7.0,0.6940699482167505,0.6941334144183993,0.5,0.5,0.0
24,"[7, 7]",0.05,4,sigmoid,0.5,2,14,7.0,0.13191756382204992,0.1366440820643996,0.973170731707317,0.975609756097561,-0.0024390243902439046
25,"[7, 7]",0.05,8,relu,0.05,2,14,7.0,0.10063443647349943,0.1019993725070602,0.975609756097561,0.975609756097561,0.0
26,"[7, 7]",0.05,8,relu,0.1,2,14,7.0,0.09861827832837733,0.10330653808792449,0.975609756097561,0.975609756097561,0.0
27,"[7, 7]",0.05,8,relu,0.5,2,14,7.0,0.09812974781290358,0.10220912252034624,0.975609756097561,0.975609756097561,0.0
28,"[7, 7]",0.05,8,sigmoid,0.05,2,14,7.0,0.6932013493706699,0.6932035933854203,0.5,0.5,0.0
29,"[7, 7]",0.05,8,sigmoid,0.1,2,14,7.0,0.6931837566449711,0.6932122051655288,0.5,0.5,0.0
30,"[7, 7]",0.05,8,sigmoid,0.5,2,14,7.0,0.20167684418118245,0.23269083895818987,0.9365853658536586,0.926829268292683,0.009756097560975618
31,"[7, 7]",0.05,16,relu,0.05,2,14,7.0,0.10840340375137833,0.10882918663644678,0.975609756097561,0.975609756097561,0.0
32,"[7, 7]",0.05,16,relu,0.1,2,14,7.0,0.10603137899168286,0.1066202905999772,0.975609756097561,0.975609756097561,0.0
33,"[7, 7]",0.05,16,relu,0.5,2,14,7.0,0.10435011589056235,0.10523911890680042,0.975609756097561,0.975609756097561,0.0
34,"[7, 7]",0.05,16,sigmoid,0.05,2,14,7.0,0.693742596580173,0.6937427224784128,0.5,0.5,0.0
35,"[7, 7]",0.05,16,sigmoid,0.1,2,14,7.0,0.6937053185654463,0.693716523809692,0.5,0.5,0.0
36,"[7, 7]",0.05,16,sigmoid,0.5,2,14,7.0,0.5762041049878275,0.5928440781400881,0.8292682926829268,0.8170731707317073,0.012195121951219523
37,"[7, 7]",0.1,4,relu,0.05,2,14,7.0,0.09771104503939457,0.0984748666824968,0.975609756097561,0.975609756097561,0.0
38,"[7, 7]",0.1,4,relu,0.1,2,14,7.0,0.08812047895568463,0.12136059915358947,0.975609756097561,0.975609756097561,0.0
39,"[7, 7]",0.1,4,relu,0.5,2,14,7.0,0.11245368632555185,0.10060974327922659,0.973170731707317,0.975609756097561,-0.0024390243902439046
40,"[7, 7]",0.1,4,sigmoid,0.05,2,14,7.0,0.6937653524474556,0.6938577929295853,0.5,0.5,0.0
41,"[7, 7]",0.1,4,sigmoid,0.1,2,14,7.0,0.6936508265735989,0.6939265303092553,0.5,0.5,0.0
42,"[7, 7]",0.1,4,sigmoid,0.5,2,14,7.0,0.12280928241077407,0.13060311088683785,0.975609756097561,0.975609756097561,0.0
43,"[7, 7]",0.1,8,relu,0.05,2,14,7.0,0.09822764585963933,0.0985433532770987,0.975609756097561,0.975609756097561,0.0
44,"[7, 7]",0.1,8,relu,0.1,2,14,7.0,0.0907018534398361,0.10378799292547325,0.975609756097561,0.975609756097561,0.0
45,"[7, 7]",0.1,8,relu,0.5,2,14,7.0,0.09573911417966716,0.10309882495766691,0.975609756097561,0.975609756097561,0.0
46,"[7, 7]",0.1,8,sigmoid,0.05,2,14,7.0,0.6931394969610842,0.6931515154946634,0.5,0.5,0.0
47,"[7, 7]",0.1,8,sigmoid,0.1,2,14,7.0,0.6930919474372494,0.6931659618217852,0.6487804878048781,0.5975609756097561,0.051219512195122
48,"[7, 7]",0.1,8,sigmoid,0.5,2,14,7.0,0.1299071678610645,0.136892633760447,0.975609756097561,0.975609756097561,0.0
49,"[7, 7]",0.1,16,relu,0.05,2,14,7.0,0.10052568199716871,0.10168842784637849,0.975609756097561,0.975609756097561,0.0
50,"[7, 7]",0.1,16,relu,0.1,2,14,7.0,0.09845079948872759,0.10348554536796842,0.975609756097561,0.975609756097561,0.0
51,"[7, 7]",0.1,16,relu,0.5,2,14,7.0,0.0980392873331849,0.102061568097998,0.975609756097561,0.975609756097561,0.0
52,"[7, 7]",0.1,16,sigmoid,0.05,2,14,7.0,0.694851943602726,0.694852252920879,0.5,0.5,0.0
53,"[7, 7]",0.1,16,sigmoid,0.1,2,14,7.0,0.6947963211429721,0.694821282627682,0.5,0.5,0.0
54,"[7, 7]",0.1,16,sigmoid,0.5,2,14,7.0,0.20350484615942135,0.23067388244930667,0.9365853658536586,0.9390243902439024,-0.0024390243902437936
55,"[10, 10]",0.01,4,relu,0.05,2,20,10.0,0.10672652262251568,0.10748637344594962,0.975609756097561,0.975609756097561,0.0
56,"[10, 10]",0.01,4,relu,0.1,2,20,10.0,0.10600676910305382,0.10591832481263089,0.975609756097561,0.975609756097561,0.0
57,"[10, 10]",0.01,4,relu,0.5,2,20,10.0,0.0902296824403988,0.13308859158679012,0.975609756097561,0.975609756097561,0.0
58,"[10, 10]",0.01,4,sigmoid,0.05,2,20,10.0,0.69347911773503,0.6934785775894345,0.5,0.5,0.0
59,"[10, 10]",0.01,4,sigmoid,0.1,2,20,10.0,0.693465553683746,0.6934692734839639,0.5,0.5,0.0
60,"[10, 10]",0.01,4,sigmoid,0.5,2,20,10.0,0.6185105924760306,0.6241810449601011,0.9121951219512195,0.8902439024390244,0.02195121951219514
61,"[10, 10]",0.01,8,relu,0.05,2,20,10.0,0.12647392369151328,0.12784934260473313,0.975609756097561,0.9634146341463414,0.012195121951219523
62,"[10, 10]",0.01,8,relu,0.1,2,20,10.0,0.11370499078494496,0.11378395867427818,0.975609756097561,0.975609756097561,0.0
63,"[10, 10]",0.01,8,relu,0.5,2,20,10.0,0.1059473662369826,0.1281797628229868,0.975609756097561,0.975609756097561,0.0
64,"[10, 10]",0.01,8,sigmoid,0.05,2,20,10.0,0.693151397379302,0.693150494975014,0.5,0.5,0.0
65,"[10, 10]",0.01,8,sigmoid,0.1,2,20,10.0,0.6931464749963014,0.6931427964644462,0.5,0.5,0.0
66,"[10, 10]",0.01,8,sigmoid,0.5,2,20,10.0,0.6873771011571262,0.6883253958756984,0.5414634146341464,0.5121951219512195,0.029268292682926855
67,"[10, 10]",0.01,16,relu,0.05,2,20,10.0,0.6544879112730597,0.6564456360688267,0.6829268292682927,0.6707317073170732,0.012195121951219523
68,"[10, 10]",0.01,16,relu,0.1,2,20,10.0,0.15492811308482338,0.14783234104262352,0.9707317073170731,0.9634146341463414,0.007317073170731714
69,"[10, 10]",0.01,16,relu,0.5,2,20,10.0,0.11727373123072461,0.12985030041474188,0.975609756097561,0.975609756097561,0.0
70,"[10, 10]",0.01,16,sigmoid,0.05,2,20,10.0,0.6931533609102866,0.6931522424276313,0.5,0.5,0.0
71,"[10, 10]",0.01,16,sigmoid,0.1,2,20,10.0,0.6931519452707581,0.6931447382030144,0.5,0.5,0.0
72,"[10, 10]",0.01,16,sigmoid,0.5,2,20,10.0,0.6911775136643064,0.6914027210053961,0.47804878048780486,0.47560975609756095,0.0024390243902439046
73,"[10, 10]",0.05,4,relu,0.05,2,20,10.0,0.09778019309320658,0.1013070525381867,0.975609756097561,0.975609756097561,0.0
74,"[10, 10]",0.05,4,relu,0.1,2,20,10.0,0.09769213963540073,0.10136203508520707,0.975609756097561,0.975609756097561,0.0
75,"[10, 10]",0.05,4,relu,0.5,2,20,10.0,0.08258871219314239,0.15412853966730633,0.975609756097561,0.975609756097561,0.0
76,"[10, 10]",0.05,4,sigmoid,0.05,2,20,10.0,0.6948805872247394,0.6948815157816014,0.5,0.5,0.0
77,"[10, 10]",0.05,4,sigmoid,0.1,2,20,10.0,0.6948444733103202,0.6948804680070678,0.5,0.5,0.0
78,"[10, 10]",0.05,4,sigmoid,0.5,2,20,10.0,0.12634213077235631,0.13538000781065687,0.975609756097561,0.975609756097561,0.0
79,"[10, 10]",0.05,8,relu,0.05,2,20,10.0,0.09939226672174599,0.10136837235152837,0.975609756097561,0.975609756097561,0.0
80,"[10, 10]",0.05,8,relu,0.1,2,20,10.0,0.09911245849573538,0.1012709693684107,0.975609756097561,0.975609756097561,0.0
81,"[10, 10]",0.05,8,relu,0.5,2,20,10.0,0.08368218484650353,0.16303614291383683,0.975609756097561,0.975609756097561,0.0
82,"[10, 10]",0.05,8,sigmoid,0.05,2,20,10.0,0.6932675258988344,0.6932676707205996,0.5,0.5,0.0
83,"[10, 10]",0.05,8,sigmoid,0.1,2,20,10.0,0.6932398326746746,0.6932603066423141,0.5,0.5,0.0
84,"[10, 10]",0.05,8,sigmoid,0.5,2,20,10.0,0.13716560364043817,0.1406755000345041,0.975609756097561,0.975609756097561,0.0
85,"[10, 10]",0.05,16,relu,0.05,2,20,10.0,0.1048576971143991,0.10486794747276937,0.975609756097561,0.975609756097561,0.0
86,"[10, 10]",0.05,16,relu,0.1,2,20,10.0,0.10383551874583154,0.10427336214741148,0.975609756097561,0.975609756097561,0.0
87,"[10, 10]",0.05,16,relu,0.5,2,20,10.0,0.08768368802573472,0.14262540356593478,0.975609756097561,0.975609756097561,0.0
88,"[10, 10]",0.05,16,sigmoid,0.05,2,20,10.0,0.6944295358586017,0.6944289256629486,0.5,0.5,0.0
89,"[10, 10]",0.05,16,sigmoid,0.1,2,20,10.0,0.6944089694298807,0.6944161620722983,0.5,0.5,0.0
90,"[10, 10]",0.05,16,sigmoid,0.5,2,20,10.0,0.39754282625619053,0.4174088922349667,0.9219512195121952,0.9146341463414634,0.007317073170731714
91,"[10, 10]",0.1,4,relu,0.05,2,20,10.0,0.09735890567007542,0.09777245045217571,0.975609756097561,0.975609756097561,0.0
92,"[10, 10]",0.1,4,relu,0.1,2,20,10.0,0.09716855557268703,0.10029173567380728,0.975609756097561,0.975609756097561,0.0
93,"[10, 10]",0.1,4,relu,0.5,2,20,10.0,0.08375346544854546,0.17458489992189272,0.975609756097561,0.975609756097561,0.0
94,"[10, 10]",0.1,4,sigmoid,0.05,2,20,10.0,0.6949993044434489,0.6950767688175747,0.5,0.5,0.0
95,"[10, 10]",0.1,4,sigmoid,0.1,2,20,10.0,0.6949865710134467,0.6950860692765137,0.5,0.5,0.0
96,"[10, 10]",0.1,4,sigmoid,0.5,2,20,10.0,0.11069635973660655,0.12318092226307797,0.975609756097561,0.975609756097561,0.0
97,"[10, 10]",0.1,8,relu,0.05,2,20,10.0,0.09754670528620075,0.09934703001089754,0.975609756097561,0.975609756097561,0.0
98,"[10, 10]",0.1,8,relu,0.1,2,20,10.0,0.09754880100160214,0.09930118515593518,0.975609756097561,0.975609756097561,0.0
99,"[10, 10]",0.1,8,relu,0.5,2,20,10.0,0.08359972184415845,0.14649381695718008,0.975609756097561,0.975609756097561,0.0
100,"[10, 10]",0.1,8,sigmoid,0.05,2,20,10.0,0.6931836600334478,0.6931919154267323,0.5,0.5,0.0
101,"[10, 10]",0.1,8,sigmoid,0.1,2,20,10.0,0.6931462210668666,0.6931923431337422,0.5,0.5,0.0
102,"[10, 10]",0.1,8,sigmoid,0.5,2,20,10.0,0.1261068617436976,0.13505556132089389,0.975609756097561,0.975609756097561,0.0
103,"[10, 10]",0.1,16,relu,0.05,2,20,10.0,0.099411614197875,0.1013313570219449,0.975609756097561,0.975609756097561,0.0
104,"[10, 10]",0.1,16,relu,0.1,2,20,10.0,0.09914510333408996,0.10119425339569266,0.975609756097561,0.975609756097561,0.0
105,"[10, 10]",0.1,16,relu,0.5,2,20,10.0,0.08357707904191558,0.16316935053368117,0.975609756097561,0.975609756097561,0.0
106,"[10, 10]",0.1,16,sigmoid,0.05,2,20,10.0,0.6966264471148719,0.6966237942787434,0.5,0.5,0.0
107,"[10, 10]",0.1,16,sigmoid,0.1,2,20,10.0,0.6965928391971387,0.69660999505943,0.5,0.5,0.0
108,"[10, 10]",0.1,16,sigmoid,0.5,2,20,10.0,0.1376162064836423,0.14061884285334503,0.975609756097561,0.975609756097561,0.0
109,"[15, 15]",0.01,4,relu,0.05,2,30,15.0,0.1058314042027344,0.12508939273428524,0.975609756097561,0.975609756097561,0.0
110,"[15, 15]",0.01,4,relu,0.1,2,30,15.0,0.09899122732775244,0.11747502741928245,0.975609756097561,0.975609756097561,0.0
111,"[15, 15]",0.01,4,relu,0.5,2,30,15.0,0.09187467668953825,0.13037735546341991,0.975609756097561,0.975609756097561,0.0
112,"[15, 15]",0.01,4,sigmoid,0.05,2,30,15.0,0.6941285684109955,0.6941331377811235,0.5,0.5,0.0
113,"[15, 15]",0.01,4,sigmoid,0.1,2,30,15.0,0.6941259423393268,0.6941816526671696,0.5,0.5,0.0
114,"[15, 15]",0.01,4,sigmoid,0.5,2,30,15.0,0.26950698966622133,0.23853599456504843,0.9292682926829269,0.9390243902439024,-0.009756097560975507
115,"[15, 15]",0.01,8,relu,0.05,2,30,15.0,0.12656363779252888,0.1346320181155216,0.975609756097561,0.975609756097561,0.0
116,"[15, 15]",0.01,8,relu,0.1,2,30,15.0,0.11430879782413161,0.13308860755020233,0.975609756097561,0.975609756097561,0.0
117,"[15, 15]",0.01,8,relu,0.5,2,30,15.0,0.0994442878003112,0.13045623829495995,0.975609756097561,0.975609756097561,0.0
118,"[15, 15]",0.01,8,sigmoid,0.05,2,30,15.0,0.6931434584027176,0.6931472138615032,0.5,0.5,0.0
119,"[15, 15]",0.01,8,sigmoid,0.1,2,30,15.0,0.6931112260297745,0.6931495999462061,0.4609756097560976,0.4146341463414634,0.04634146341463419
120,"[15, 15]",0.01,8,sigmoid,0.5,2,30,15.0,0.5422118777757889,0.5283555245777822,0.8560975609756097,0.8780487804878049,-0.02195121951219514
121,"[15, 15]",0.01,16,relu,0.05,2,30,15.0,0.2685881114152077,0.2934968557214953,0.9634146341463414,0.9390243902439024,0.024390243902439046
122,"[15, 15]",0.01,16,relu,0.1,2,30,15.0,0.13749797405224698,0.15047320383396345,0.975609756097561,0.975609756097561,0.0
123,"[15, 15]",0.01,16,relu,0.5,2,30,15.0,0.107307549144424,0.13387330316345333,0.975609756097561,0.975609756097561,0.0
124,"[15, 15]",0.01,16,sigmoid,0.05,2,30,15.0,0.6931664946463021,0.6931697233842897,0.5,0.5,0.0
125,"[15, 15]",0.01,16,sigmoid,0.1,2,30,15.0,0.6931426033339425,0.6931729367810937,0.5,0.5,0.0
126,"[15, 15]",0.01,16,sigmoid,0.5,2,30,15.0,0.6597855819538226,0.6585433254809631,0.724390243902439,0.7195121951219512,0.004878048780487809
127,"[15, 15]",0.05,4,relu,0.05,2,30,15.0,0.09014792645158111,0.12269358563969687,0.975609756097561,0.975609756097561,0.0
128,"[15, 15]",0.05,4,relu,0.1,2,30,15.0,0.09228811575070311,0.11062242745926402,0.975609756097561,0.975609756097561,0.0
129,"[15, 15]",0.05,4,relu,0.5,2,30,15.0,0.0792257237621951,0.14965146893664988,0.975609756097561,0.975609756097561,0.0
130,"[15, 15]",0.05,4,sigmoid,0.05,2,30,15.0,0.69727262382569,0.6972800453233206,0.5,0.5,0.0
131,"[15, 15]",0.05,4,sigmoid,0.1,2,30,15.0,0.6972678520016289,0.6973803190935963,0.5,0.5,0.0
132,"[15, 15]",0.05,4,sigmoid,0.5,2,30,15.0,0.1000825446340099,0.12312346037605203,0.975609756097561,0.975609756097561,0.0
133,"[15, 15]",0.05,8,relu,0.05,2,30,15.0,0.0912245039273396,0.11924503493227875,0.975609756097561,0.975609756097561,0.0
134,"[15, 15]",0.05,8,relu,0.1,2,30,15.0,0.09026800541322093,0.12069947562088618,0.975609756097561,0.975609756097561,0.0
135,"[15, 15]",0.05,8,relu,0.5,2,30,15.0,0.08062163199249736,0.1578838245885604,0.975609756097561,0.975609756097561,0.0
136,"[15, 15]",0.05,8,sigmoid,0.05,2,30,15.0,0.6936749306905,0.6936810841837516,0.5,0.5,0.0
137,"[15, 15]",0.05,8,sigmoid,0.1,2,30,15.0,0.6936001529831095,0.6936950831891415,0.5,0.5,0.0
138,"[15, 15]",0.05,8,sigmoid,0.5,2,30,15.0,0.12083879642433622,0.1238590364836773,0.975609756097561,0.975609756097561,0.0
139,"[15, 15]",0.05,16,relu,0.05,2,30,15.0,0.10182246135094217,0.12219139505958182,0.975609756097561,0.975609756097561,0.0
140,"[15, 15]",0.05,16,relu,0.1,2,30,15.0,0.09613978103535019,0.11347347250105753,0.975609756097561,0.975609756097561,0.0
141,"[15, 15]",0.05,16,relu,0.5,2,30,15.0,0.08840578632015524,0.1343803534730028,0.975609756097561,0.975609756097561,0.0
142,"[15, 15]",0.05,16,sigmoid,0.05,2,30,15.0,0.6961062555791206,0.6961111515094016,0.5,0.5,0.0
143,"[15, 15]",0.05,16,sigmoid,0.1,2,30,15.0,0.6961614862878521,0.6962266643842937,0.5,0.5,0.0
144,"[15, 15]",0.05,16,sigmoid,0.5,2,30,15.0,0.20796305583283362,0.18385092589815277,0.9414634146341463,0.9512195121951219,-0.009756097560975618
145,"[15, 15]",0.1,4,relu,0.05,2,30,15.0,0.08274186233039883,0.17070145014675453,0.975609756097561,0.975609756097561,0.0
146,"[15, 15]",0.1,4,relu,0.1,2,30,15.0,0.08784570117847483,0.14232666822914578,0.975609756097561,0.975609756097561,0.0
147,"[15, 15]",0.1,4,relu,0.5,2,30,15.0,0.0790323664322093,0.18799402723699157,0.975609756097561,0.975609756097561,0.0
148,"[15, 15]",0.1,4,sigmoid,0.05,2,30,15.0,0.6980903631556469,0.6980923505257213,0.5,0.5,0.0
149,"[15, 15]",0.1,4,sigmoid,0.1,2,30,15.0,0.6980972950773032,0.6981366530327977,0.5,0.5,0.0
150,"[15, 15]",0.1,4,sigmoid,0.5,2,30,15.0,0.09383992651000257,0.12408476166883342,0.975609756097561,0.975609756097561,0.0
151,"[15, 15]",0.1,8,relu,0.05,2,30,15.0,0.08685163714100783,0.13976060278045022,0.975609756097561,0.975609756097561,0.0
152,"[15, 15]",0.1,8,relu,0.1,2,30,15.0,0.08659658765177958,0.13990034979905308,0.975609756097561,0.975609756097561,0.0
153,"[15, 15]",0.1,8,relu,0.5,2,30,15.0,0.08287767582110875,0.14147472388634846,0.975609756097561,0.975609756097561,0.0
154,"[15, 15]",0.1,8,sigmoid,0.05,2,30,15.0,0.6936835408976066,0.6936889847484589,0.5,0.5,0.0
155,"[15, 15]",0.1,8,sigmoid,0.1,2,30,15.0,0.6936162815780954,0.6937074774230249,0.5,0.5,0.0
156,"[15, 15]",0.1,8,sigmoid,0.5,2,30,15.0,0.10010804019990896,0.12325413416820097,0.975609756097561,0.975609756097561,0.0
157,"[15, 15]",0.1,16,relu,0.05,2,30,15.0,0.09261053129291366,0.12362176169317689,0.975609756097561,0.975609756097561,0.0
158,"[15, 15]",0.1,16,relu,0.1,2,30,15.0,0.09655073058907722,0.09968559746388651,0.975609756097561,0.975609756097561,0.0
159,"[15, 15]",0.1,16,relu,0.5,2,30,15.0,0.08014727595560302,0.1585395122496841,0.975609756097561,0.975609756097561,0.0
160,"[15, 15]",0.1,16,sigmoid,0.05,2,30,15.0,0.6997126739344335,0.6997185927522309,0.5,0.5,0.0
161,"[15, 15]",0.1,16,sigmoid,0.1,2,30,15.0,0.6998109054316152,0.6999115358840908,0.5,0.5,0.0
162,"[15, 15]",0.1,16,sigmoid,0.5,2,30,15.0,0.12072607495997774,0.12382278463634179,0.975609756097561,0.975609756097561,0.0
163,"[10, 15]",0.01,4,relu,0.05,2,25,12.5,0.10198396164114291,0.1042198076981004,0.975609756097561,0.975609756097561,0.0
164,"[10, 15]",0.01,4,relu,0.1,2,25,12.5,0.10132028417911264,0.10311112902831243,0.975609756097561,0.975609756097561,0.0
165,"[10, 15]",0.01,4,relu,0.5,2,25,12.5,0.08867117280930083,0.13900195711536498,0.975609756097561,0.975609756097561,0.0
166,"[10, 15]",0.01,4,sigmoid,0.05,2,25,12.5,0.6941236796334603,0.694126503277746,0.5,0.5,0.0
167,"[10, 15]",0.01,4,sigmoid,0.1,2,25,12.5,0.6940998528056507,0.6941324072771322,0.5,0.5,0.0
168,"[10, 15]",0.01,4,sigmoid,0.5,2,25,12.5,0.4899352318582594,0.5156405366554753,0.8682926829268293,0.8292682926829268,0.039024390243902474
169,"[10, 15]",0.01,8,relu,0.05,2,25,12.5,0.12224436308867688,0.12497099821424935,0.975609756097561,0.975609756097561,0.0
170,"[10, 15]",0.01,8,relu,0.1,2,25,12.5,0.1091534982248196,0.11121163512687343,0.975609756097561,0.975609756097561,0.0
171,"[10, 15]",0.01,8,relu,0.5,2,25,12.5,0.10069717331286064,0.1312235436625725,0.975609756097561,0.975609756097561,0.0
172,"[10, 15]",0.01,8,sigmoid,0.05,2,25,12.5,0.6931453002024276,0.693147697514638,0.5,0.5,0.0
173,"[10, 15]",0.01,8,sigmoid,0.1,2,25,12.5,0.6931282713924009,0.6931512148335074,0.6536585365853659,0.6219512195121951,0.03170731707317076
174,"[10, 15]",0.01,8,sigmoid,0.5,2,25,12.5,0.6806359364881501,0.6842439945040513,0.6146341463414634,0.5853658536585366,0.029268292682926855
175,"[10, 15]",0.01,16,relu,0.05,2,25,12.5,0.5960013537412618,0.6068581731040561,0.6487804878048781,0.6463414634146342,0.0024390243902439046
176,"[10, 15]",0.01,16,relu,0.1,2,25,12.5,0.16725236881731576,0.15712730161959182,0.975609756097561,0.9634146341463414,0.012195121951219523
177,"[10, 15]",0.01,16,relu,0.5,2,25,12.5,0.11245635128103225,0.1255149247847927,0.975609756097561,0.975609756097561,0.0
178,"[10, 15]",0.01,16,sigmoid,0.05,2,25,12.5,0.6931665900130164,0.6931688147085983,0.5,0.5,0.0
179,"[10, 15]",0.01,16,sigmoid,0.1,2,25,12.5,0.6931532613450939,0.6931725818653217,0.5,0.5,0.0
180,"[10, 15]",0.01,16,sigmoid,0.5,2,25,12.5,0.6903013497636014,0.6920952516147769,0.4292682926829268,0.4024390243902439,0.026829268292682895
181,"[10, 15]",0.05,4,relu,0.05,2,25,12.5,0.0962585304790668,0.10209426278395431,0.975609756097561,0.975609756097561,0.0
182,"[10, 15]",0.05,4,relu,0.1,2,25,12.5,0.09266470642604827,0.11061638580044536,0.975609756097561,0.975609756097561,0.0
183,"[10, 15]",0.05,4,relu,0.5,2,25,12.5,0.08174699864754836,0.16238644537425215,0.975609756097561,0.975609756097561,0.0
184,"[10, 15]",0.05,4,sigmoid,0.05,2,25,12.5,0.6979685316881608,0.6979640708316273,0.5,0.5,0.0
185,"[10, 15]",0.05,4,sigmoid,0.1,2,25,12.5,0.6979246076050236,0.6979780976978425,0.5,0.5,0.0
186,"[10, 15]",0.05,4,sigmoid,0.5,2,25,12.5,0.130306972141619,0.1424168450550038,0.975609756097561,0.975609756097561,0.0
187,"[10, 15]",0.05,8,relu,0.05,2,25,12.5,0.09789298506264892,0.10154884686858082,0.975609756097561,0.975609756097561,0.0
188,"[10, 15]",0.05,8,relu,0.1,2,25,12.5,0.09435056254588424,0.10769466446275977,0.975609756097561,0.975609756097561,0.0
189,"[10, 15]",0.05,8,relu,0.5,2,25,12.5,0.08271405322520962,0.1635843662707177,0.975609756097561,0.975609756097561,0.0
190,"[10, 15]",0.05,8,sigmoid,0.05,2,25,12.5,0.6936812666404424,0.6936833282488897,0.5,0.5,0.0
191,"[10, 15]",0.05,8,sigmoid,0.1,2,25,12.5,0.6936359306092721,0.6936861553556941,0.5,0.5,0.0
192,"[10, 15]",0.05,8,sigmoid,0.5,2,25,12.5,0.17889346193130987,0.20767030496636377,0.9414634146341463,0.9390243902439024,0.0024390243902439046
193,"[10, 15]",0.05,16,relu,0.05,2,25,12.5,0.10071207209414182,0.10297073047578174,0.975609756097561,0.975609756097561,0.0
194,"[10, 15]",0.05,16,relu,0.1,2,25,12.5,0.10039892936185948,0.10295003198031262,0.975609756097561,0.975609756097561,0.0
195,"[10, 15]",0.05,16,relu,0.5,2,25,12.5,0.08647359530282288,0.14454413860743512,0.975609756097561,0.975609756097561,0.0
196,"[10, 15]",0.05,16,sigmoid,0.05,2,25,12.5,0.6961372646116728,0.6961399134990414,0.5,0.5,0.0
197,"[10, 15]",0.05,16,sigmoid,0.1,2,25,12.5,0.6961120681581605,0.6961493899747431,0.5,0.5,0.0
198,"[10, 15]",0.05,16,sigmoid,0.5,2,25,12.5,0.34157230283428947,0.38865197474675794,0.875609756097561,0.8048780487804879,0.07073170731707312
199,"[10, 15]",0.1,4,relu,0.05,2,25,12.5,0.0863020434636322,0.13547364155907646,0.975609756097561,0.975609756097561,0.0
200,"[10, 15]",0.1,4,relu,0.1,2,25,12.5,0.08494152061968008,0.15184616648764163,0.975609756097561,0.975609756097561,0.0
201,"[10, 15]",0.1,4,relu,0.5,2,25,12.5,0.08200774891901785,0.17020551635453482,0.975609756097561,0.975609756097561,0.0
202,"[10, 15]",0.1,4,sigmoid,0.05,2,25,12.5,0.6983229896244663,0.6983965450584511,0.5,0.5,0.0
203,"[10, 15]",0.1,4,sigmoid,0.1,2,25,12.5,0.6983185658697768,0.6984220490336516,0.5,0.5,0.0
204,"[10, 15]",0.1,4,sigmoid,0.5,2,25,12.5,0.11666808465157885,0.13839947262037805,0.975609756097561,0.975609756097561,0.0
205,"[10, 15]",0.1,8,relu,0.05,2,25,12.5,0.09612837742577962,0.10178065950571506,0.975609756097561,0.975609756097561,0.0
206,"[10, 15]",0.1,8,relu,0.1,2,25,12.5,0.09158884191394288,0.11239446978435166,0.975609756097561,0.975609756097561,0.0
207,"[10, 15]",0.1,8,relu,0.5,2,25,12.5,0.08088291552934583,0.17894663308554426,0.975609756097561,0.975609756097561,0.0
208,"[10, 15]",0.1,8,sigmoid,0.05,2,25,12.5,0.6936295382487434,0.6936350901491364,0.5,0.5,0.0
209,"[10, 15]",0.1,8,sigmoid,0.1,2,25,12.5,0.6935798493324289,0.6936422520540603,0.5,0.5,0.0
210,"[10, 15]",0.1,8,sigmoid,0.5,2,25,12.5,0.1313087313192415,0.14588824383944088,0.975609756097561,0.975609756097561,0.0
211,"[10, 15]",0.1,16,relu,0.05,2,25,12.5,0.09785652896279347,0.10170964238662442,0.975609756097561,0.975609756097561,0.0
212,"[10, 15]",0.1,16,relu,0.1,2,25,12.5,0.09634144063890053,0.10377087395956516,0.975609756097561,0.975609756097561,0.0
213,"[10, 15]",0.1,16,relu,0.5,2,25,12.5,0.08196839749382193,0.1650519698721447,0.975609756097561,0.975609756097561,0.0
214,"[10, 15]",0.1,16,sigmoid,0.05,2,25,12.5,0.7003127113230058,0.7003111116908328,0.5,0.5,0.0
215,"[10, 15]",0.1,16,sigmoid,0.1,2,25,12.5,0.7002780322537784,0.7003262083090707,0.5,0.5,0.0
216,"[10, 15]",0.1,16,sigmoid,0.5,2,25,12.5,0.1767121507732142,0.19488500837540107,0.9536585365853658,0.9390243902439024,0.014634146341463428
217,"[10, 15, 10]",0.01,4,relu,0.05,3,35,11.666666666666666,0.6910164104451216,0.6910869759963628,0.7585365853658537,0.7682926829268293,-0.009756097560975618
218,"[10, 15, 10]",0.01,4,relu,0.1,3,35,11.666666666666666,0.09814882584796338,0.10362883877243029,0.975609756097561,0.975609756097561,0.0
219,"[10, 15, 10]",0.01,4,relu,0.5,3,35,11.666666666666666,0.08714275028831432,0.1349545164975282,0.975609756097561,0.975609756097561,0.0
220,"[10, 15, 10]",0.01,4,sigmoid,0.05,3,35,11.666666666666666,0.6931776102340786,0.6931775293643261,0.5,0.5,0.0
221,"[10, 15, 10]",0.01,4,sigmoid,0.1,3,35,11.666666666666666,0.6931797377387261,0.6931785163693197,0.5,0.5,0.0
222,"[10, 15, 10]",0.01,4,sigmoid,0.5,3,35,11.666666666666666,0.690154671052794,0.6901281249087127,0.6341463414634146,0.6951219512195121,-0.060975609756097504
223,"[10, 15, 10]",0.01,8,relu,0.05,3,35,11.666666666666666,0.6929482163044719,0.6929479468717191,0.6829268292682927,0.6463414634146342,0.03658536585365857
224,"[10, 15, 10]",0.01,8,relu,0.1,3,35,11.666666666666666,0.11201640095941215,0.11537706718874872,0.975609756097561,0.975609756097561,0.0
225,"[10, 15, 10]",0.01,8,relu,0.5,3,35,11.666666666666666,0.09009273444531624,0.12707312150990432,0.975609756097561,0.975609756097561,0.0
226,"[10, 15, 10]",0.01,8,sigmoid,0.05,3,35,11.666666666666666,0.6931474893874197,0.6931474022034841,0.5,0.5,0.0
227,"[10, 15, 10]",0.01,8,sigmoid,0.1,3,35,11.666666666666666,0.6931481501519221,0.6931468192994673,0.5,0.5,0.0
228,"[10, 15, 10]",0.01,8,sigmoid,0.5,3,35,11.666666666666666,0.6921291363357766,0.6919361478838255,0.624390243902439,0.6585365853658537,-0.034146341463414664
229,"[10, 15, 10]",0.01,16,relu,0.05,3,35,11.666666666666666,0.6930728794064258,0.6930687238798479,0.6926829268292682,0.7195121951219512,-0.02682926829268295
230,"[10, 15, 10]",0.01,16,relu,0.1,3,35,11.666666666666666,0.6608939200145837,0.6620548211268478,0.7195121951219512,0.7195121951219512,0.0
231,"[10, 15, 10]",0.01,16,relu,0.5,3,35,11.666666666666666,0.09396725758825848,0.12256941484704115,0.975609756097561,0.975609756097561,0.0
232,"[10, 15, 10]",0.01,16,sigmoid,0.05,3,35,11.666666666666666,0.6931629245601654,0.693162839221718,0.5,0.5,0.0
233,"[10, 15, 10]",0.01,16,sigmoid,0.1,3,35,11.666666666666666,0.6931648568073545,0.693163515115466,0.5,0.5,0.0
234,"[10, 15, 10]",0.01,16,sigmoid,0.5,3,35,11.666666666666666,0.6927521185812033,0.6924374391940704,0.6487804878048781,0.7073170731707317,-0.0585365853658536
235,"[10, 15, 10]",0.05,4,relu,0.05,3,35,11.666666666666666,0.09813516739678685,0.0994147612238045,0.975609756097561,0.975609756097561,0.0
236,"[10, 15, 10]",0.05,4,relu,0.1,3,35,11.666666666666666,0.08656482466693227,0.14942448314388504,0.975609756097561,0.975609756097561,0.0
237,"[10, 15, 10]",0.05,4,relu,0.5,3,35,11.666666666666666,0.08303570122830059,0.1890247803699187,0.975609756097561,0.975609756097561,0.0
238,"[10, 15, 10]",0.05,4,sigmoid,0.05,3,35,11.666666666666666,0.6936108579698135,0.693610661673596,0.5,0.5,0.0
239,"[10, 15, 10]",0.05,4,sigmoid,0.1,3,35,11.666666666666666,0.6936276717162594,0.6936269883921633,0.5,0.5,0.0
240,"[10, 15, 10]",0.05,4,sigmoid,0.5,3,35,11.666666666666666,0.1302277764278766,0.1409707348970124,0.975609756097561,0.975609756097561,0.0
241,"[10, 15, 10]",0.05,8,relu,0.05,3,35,11.666666666666666,0.09935562175212127,0.09952564165962625,0.975609756097561,0.975609756097561,0.0
242,"[10, 15, 10]",0.05,8,relu,0.1,3,35,11.666666666666666,0.09022057805549859,0.11889091088941935,0.975609756097561,0.975609756097561,0.0
243,"[10, 15, 10]",0.05,8,relu,0.5,3,35,11.666666666666666,0.07758148089129095,0.14971083083229894,0.975609756097561,0.975609756097561,0.0
244,"[10, 15, 10]",0.05,8,sigmoid,0.05,3,35,11.666666666666666,0.6933219281838363,0.6933218536715263,0.5,0.5,0.0
245,"[10, 15, 10]",0.05,8,sigmoid,0.1,3,35,11.666666666666666,0.6933379533986584,0.6933370540710856,0.5,0.5,0.0
246,"[10, 15, 10]",0.05,8,sigmoid,0.5,3,35,11.666666666666666,0.3205704169579533,0.37836204612186985,0.8585365853658536,0.8170731707317073,0.04146341463414638
247,"[10, 15, 10]",0.05,16,relu,0.05,3,35,11.666666666666666,0.12242079944412404,0.12510927483628445,0.975609756097561,0.975609756097561,0.0
248,"[10, 15, 10]",0.05,16,relu,0.1,3,35,11.666666666666666,0.09690974865669791,0.10401795395286735,0.975609756097561,0.975609756097561,0.0
249,"[10, 15, 10]",0.05,16,relu,0.5,3,35,11.666666666666666,0.08794586349982893,0.13234468491431656,0.975609756097561,0.975609756097561,0.0
250,"[10, 15, 10]",0.05,16,sigmoid,0.05,3,35,11.666666666666666,0.6936247466285705,0.6936246765943694,0.5,0.5,0.0
251,"[10, 15, 10]",0.05,16,sigmoid,0.1,3,35,11.666666666666666,0.6936506933332411,0.6936496119718782,0.5,0.5,0.0
252,"[10, 15, 10]",0.05,16,sigmoid,0.5,3,35,11.666666666666666,0.6885771611515538,0.6886550630874223,0.5,0.5,0.0
253,"[10, 15, 10]",0.1,4,relu,0.05,3,35,11.666666666666666,0.09619873008771372,0.09842575167321985,0.975609756097561,0.975609756097561,0.0
254,"[10, 15, 10]",0.1,4,relu,0.1,3,35,11.666666666666666,0.08722510909266173,0.1586157747962041,0.975609756097561,0.975609756097561,0.0
255,"[10, 15, 10]",0.1,4,relu,0.5,3,35,11.666666666666666,0.07452417065771656,0.16037520363213126,0.975609756097561,0.975609756097561,0.0
256,"[10, 15, 10]",0.1,4,sigmoid,0.05,3,35,11.666666666666666,0.6942360740080178,0.6942360856099103,0.5,0.5,0.0
257,"[10, 15, 10]",0.1,4,sigmoid,0.1,3,35,11.666666666666666,0.694239769879042,0.6942409967183757,0.5,0.5,0.0
258,"[10, 15, 10]",0.1,4,sigmoid,0.5,3,35,11.666666666666666,0.11443523376271214,0.1432893116327837,0.975609756097561,0.975609756097561,0.0
259,"[10, 15, 10]",0.1,8,relu,0.05,3,35,11.666666666666666,0.09774500381905729,0.09877967996947562,0.975609756097561,0.975609756097561,0.0
260,"[10, 15, 10]",0.1,8,relu,0.1,3,35,11.666666666666666,0.08802580656559576,0.13311042772240947,0.975609756097561,0.975609756097561,0.0
261,"[10, 15, 10]",0.1,8,relu,0.5,3,35,11.666666666666666,0.08598953945864667,0.19225331017598876,0.975609756097561,0.975609756097561,0.0
262,"[10, 15, 10]",0.1,8,sigmoid,0.05,3,35,11.666666666666666,0.6934862051270849,0.693486028240213,0.5,0.5,0.0
263,"[10, 15, 10]",0.1,8,sigmoid,0.1,3,35,11.666666666666666,0.693497659254435,0.6934970588415904,0.5,0.5,0.0
264,"[10, 15, 10]",0.1,8,sigmoid,0.5,3,35,11.666666666666666,0.1296713551852363,0.13914759296568305,0.975609756097561,0.975609756097561,0.0
265,"[10, 15, 10]",0.1,16,relu,0.05,3,35,11.666666666666666,0.09499580160732625,0.10630036080142073,0.975609756097561,0.975609756097561,0.0
266,"[10, 15, 10]",0.1,16,relu,0.1,3,35,11.666666666666666,0.08747389468175268,0.12716116703325703,0.975609756097561,0.975609756097561,0.0
267,"[10, 15, 10]",0.1,16,relu,0.5,3,35,11.666666666666666,0.0784236107360735,0.1519380493207339,0.975609756097561,0.975609756097561,0.0
268,"[10, 15, 10]",0.1,16,sigmoid,0.05,3,35,11.666666666666666,0.6946635268502148,0.6946634351368058,0.5,0.5,0.0
269,"[10, 15, 10]",0.1,16,sigmoid,0.1,3,35,11.666666666666666,0.6947523807379458,0.6947515132239015,0.5,0.5,0.0
270,"[10, 15, 10]",0.1,16,sigmoid,0.5,3,35,11.666666666666666,0.32111779583344524,0.37856352408136,0.8609756097560975,0.8170731707317073,0.04390243902439028
271,"[15, 10, 15]",0.01,4,relu,0.05,3,40,13.333333333333334,0.6785880193712548,0.6784655199947761,0.6731707317073171,0.6951219512195121,-0.02195121951219503
272,"[15, 10, 15]",0.01,4,relu,0.1,3,40,13.333333333333334,0.11033418379802236,0.16943384083671434,0.975609756097561,0.975609756097561,0.0
273,"[15, 10, 15]",0.01,4,relu,0.5,3,40,13.333333333333334,0.08640710247679403,0.14714876834670867,0.975609756097561,0.975609756097561,0.0
274,"[15, 10, 15]",0.01,4,sigmoid,0.05,3,40,13.333333333333334,0.6932105909486765,0.6932106019353894,0.5,0.5,0.0
275,"[15, 10, 15]",0.01,4,sigmoid,0.1,3,40,13.333333333333334,0.6932145877587613,0.6932147810801994,0.5,0.5,0.0
276,"[15, 10, 15]",0.01,4,sigmoid,0.5,3,40,13.333333333333334,0.6926819851508241,0.6927310526854557,0.5,0.5,0.0
277,"[15, 10, 15]",0.01,8,relu,0.05,3,40,13.333333333333334,0.6929144346453097,0.6929036040166157,0.6926829268292682,0.7073170731707317,-0.014634146341463428
278,"[15, 10, 15]",0.01,8,relu,0.1,3,40,13.333333333333334,0.12131296592294318,0.16389800816481967,0.975609756097561,0.975609756097561,0.0
279,"[15, 10, 15]",0.01,8,relu,0.5,3,40,13.333333333333334,0.09396486384138275,0.15021990084077885,0.975609756097561,0.975609756097561,0.0
280,"[15, 10, 15]",0.01,8,sigmoid,0.05,3,40,13.333333333333334,0.693149409219213,0.6931494209917125,0.5,0.5,0.0
281,"[15, 10, 15]",0.01,8,sigmoid,0.1,3,40,13.333333333333334,0.6931498837336743,0.6931500655451912,0.5,0.5,0.0
282,"[15, 10, 15]",0.01,8,sigmoid,0.5,3,40,13.333333333333334,0.6931041783182927,0.6930740608936959,0.4926829268292683,0.4878048780487805,0.004878048780487809
283,"[15, 10, 15]",0.01,16,relu,0.05,3,40,13.333333333333334,0.6930653932853112,0.6930660104893004,0.6951219512195121,0.7073170731707317,-0.012195121951219523
284,"[15, 10, 15]",0.01,16,relu,0.1,3,40,13.333333333333334,0.6348754867918867,0.630393529898493,0.8707317073170732,0.926829268292683,-0.056097560975609806
285,"[15, 10, 15]",0.01,16,relu,0.5,3,40,13.333333333333334,0.10108742421087165,0.1505566865812393,0.975609756097561,0.975609756097561,0.0
286,"[15, 10, 15]",0.01,16,sigmoid,0.05,3,40,13.333333333333334,0.693184964455743,0.6931849757534889,0.5,0.5,0.0
287,"[15, 10, 15]",0.01,16,sigmoid,0.1,3,40,13.333333333333334,0.6931873121172255,0.6931874738979341,0.5,0.5,0.0
288,"[15, 10, 15]",0.01,16,sigmoid,0.5,3,40,13.333333333333334,0.6933983755074357,0.6933347639276284,0.5,0.5,0.0
289,"[15, 10, 15]",0.05,4,relu,0.05,3,40,13.333333333333334,0.0861045534977676,0.1355012075433801,0.975609756097561,0.975609756097561,0.0
290,"[15, 10, 15]",0.05,4,relu,0.1,3,40,13.333333333333334,0.08577807264428453,0.12091461638817323,0.975609756097561,0.975609756097561,0.0
291,"[15, 10, 15]",0.05,4,relu,0.5,3,40,13.333333333333334,0.07239273631419652,0.17729440195548754,0.975609756097561,0.975609756097561,0.0
292,"[15, 10, 15]",0.05,4,sigmoid,0.05,3,40,13.333333333333334,0.6943015510695347,0.6943017061714434,0.5,0.5,0.0
293,"[15, 10, 15]",0.05,4,sigmoid,0.1,3,40,13.333333333333334,0.6943500811073262,0.694350585605892,0.5,0.5,0.0
294,"[15, 10, 15]",0.05,4,sigmoid,0.5,3,40,13.333333333333334,0.10868928391492623,0.14326666974404612,0.975609756097561,0.9634146341463414,0.012195121951219523
295,"[15, 10, 15]",0.05,8,relu,0.05,3,40,13.333333333333334,0.09602590999316944,0.1182517040433155,0.975609756097561,0.975609756097561,0.0
296,"[15, 10, 15]",0.05,8,relu,0.1,3,40,13.333333333333334,0.10422929874014071,0.13971225117073136,0.975609756097561,0.975609756097561,0.0
297,"[15, 10, 15]",0.05,8,relu,0.5,3,40,13.333333333333334,0.08376192197207359,0.15553930817976502,0.975609756097561,0.975609756097561,0.0
298,"[15, 10, 15]",0.05,8,sigmoid,0.05,3,40,13.333333333333334,0.6937129428278082,0.6937129856905103,0.5,0.5,0.0
299,"[15, 10, 15]",0.05,8,sigmoid,0.1,3,40,13.333333333333334,0.6937473151979188,0.6937475738799977,0.5,0.5,0.0
300,"[15, 10, 15]",0.05,8,sigmoid,0.5,3,40,13.333333333333334,0.6480610187689768,0.6526730229236496,0.6463414634146342,0.7317073170731707,-0.08536585365853655
301,"[15, 10, 15]",0.05,16,relu,0.05,3,40,13.333333333333334,0.11729021293612273,0.1291094382106923,0.975609756097561,0.975609756097561,0.0
302,"[15, 10, 15]",0.05,16,relu,0.1,3,40,13.333333333333334,0.10571763239721339,0.15504237162030748,0.975609756097561,0.975609756097561,0.0
303,"[15, 10, 15]",0.05,16,relu,0.5,3,40,13.333333333333334,0.08429877289928078,0.15304506188569797,0.975609756097561,0.975609756097561,0.0
304,"[15, 10, 15]",0.05,16,sigmoid,0.05,3,40,13.333333333333334,0.694108367785392,0.6941083887308747,0.5,0.5,0.0
305,"[15, 10, 15]",0.05,16,sigmoid,0.1,3,40,13.333333333333334,0.6941566857286043,0.6941569028274451,0.5,0.5,0.0
306,"[15, 10, 15]",0.05,16,sigmoid,0.5,3,40,13.333333333333334,0.6939220251260109,0.6940211159987493,0.5,0.5,0.0
307,"[15, 10, 15]",0.1,4,relu,0.05,3,40,13.333333333333334,0.08488122083812392,0.13479653534483133,0.975609756097561,0.975609756097561,0.0
308,"[15, 10, 15]",0.1,4,relu,0.1,3,40,13.333333333333334,0.08659035551963382,0.18198664843189902,0.975609756097561,0.975609756097561,0.0
309,"[15, 10, 15]",0.1,4,relu,0.5,3,40,13.333333333333334,0.07676918472948674,0.2317115311425209,0.975609756097561,0.975609756097561,0.0
310,"[15, 10, 15]",0.1,4,sigmoid,0.05,3,40,13.333333333333334,0.6944267331916856,0.6944267545145333,0.5,0.5,0.0
311,"[15, 10, 15]",0.1,4,sigmoid,0.1,3,40,13.333333333333334,0.6944387498669634,0.6944387702651509,0.5,0.5,0.0
312,"[15, 10, 15]",0.1,4,sigmoid,0.5,3,40,13.333333333333334,0.09958668391834812,0.11877380146990979,0.975609756097561,0.975609756097561,0.0
313,"[15, 10, 15]",0.1,8,relu,0.05,3,40,13.333333333333334,0.08652299979293415,0.13357774888391827,0.975609756097561,0.975609756097561,0.0
314,"[15, 10, 15]",0.1,8,relu,0.1,3,40,13.333333333333334,0.08660731015710277,0.1671192968406353,0.975609756097561,0.975609756097561,0.0
315,"[15, 10, 15]",0.1,8,relu,0.5,3,40,13.333333333333334,0.08156409360857882,0.15246977995665453,0.975609756097561,0.975609756097561,0.0
316,"[15, 10, 15]",0.1,8,sigmoid,0.05,3,40,13.333333333333334,0.6939466063721461,0.6939467240362363,0.5,0.5,0.0
317,"[15, 10, 15]",0.1,8,sigmoid,0.1,3,40,13.333333333333334,0.6939770432465979,0.6939773706339027,0.5,0.5,0.0
318,"[15, 10, 15]",0.1,8,sigmoid,0.5,3,40,13.333333333333334,0.10793421196372414,0.1394554115087934,0.975609756097561,0.9634146341463414,0.012195121951219523
319,"[15, 10, 15]",0.1,16,relu,0.05,3,40,13.333333333333334,0.09738055442406082,0.11085767137555597,0.975609756097561,0.975609756097561,0.0
320,"[15, 10, 15]",0.1,16,relu,0.1,3,40,13.333333333333334,0.09652009628856596,0.12749005515980275,0.975609756097561,0.975609756097561,0.0
321,"[15, 10, 15]",0.1,16,relu,0.5,3,40,13.333333333333334,0.07767792420898402,0.19175614875395972,0.975609756097561,0.9634146341463414,0.012195121951219523
322,"[15, 10, 15]",0.1,16,sigmoid,0.05,3,40,13.333333333333334,0.6967122464144897,0.6967123835022012,0.5,0.5,0.0
323,"[15, 10, 15]",0.1,16,sigmoid,0.1,3,40,13.333333333333334,0.696882656540883,0.6968832668947289,0.5,0.5,0.0
324,"[15, 10, 15]",0.1,16,sigmoid,0.5,3,40,13.333333333333334,0.6585693468482604,0.6623045678231085,0.5,0.5,0.0
325,"[30, 15, 10]",0.01,4,relu,0.05,3,55,18.333333333333332,0.1362562134798299,0.15073291515940038,0.975609756097561,0.975609756097561,0.0
326,"[30, 15, 10]",0.01,4,relu,0.1,3,55,18.333333333333332,0.10705299477846693,0.11487134114292372,0.975609756097561,0.975609756097561,0.0
327,"[30, 15, 10]",0.01,4,relu,0.5,3,55,18.333333333333332,0.09482374067411031,0.1831449416360616,0.975609756097561,0.9634146341463414,0.012195121951219523
328,"[30, 15, 10]",0.01,4,sigmoid,0.05,3,55,18.333333333333332,0.6934615869203931,0.6934619500259347,0.5,0.5,0.0
329,"[30, 15, 10]",0.01,4,sigmoid,0.1,3,55,18.333333333333332,0.6934612684276156,0.693466816067774,0.5,0.5,0.0
330,"[30, 15, 10]",0.01,4,sigmoid,0.5,3,55,18.333333333333332,0.3666688986171008,0.36311655341873544,0.9658536585365853,0.9512195121951219,0.014634146341463428
331,"[30, 15, 10]",0.01,8,relu,0.05,3,55,18.333333333333332,0.6929641880088866,0.6929472042956373,0.5,0.5,0.0
332,"[30, 15, 10]",0.01,8,relu,0.1,3,55,18.333333333333332,0.12180702658212429,0.13241463347303492,0.975609756097561,0.975609756097561,0.0
333,"[30, 15, 10]",0.01,8,relu,0.5,3,55,18.333333333333332,0.12341609249725259,0.17584167648301252,0.975609756097561,0.975609756097561,0.0
334,"[30, 15, 10]",0.01,8,sigmoid,0.05,3,55,18.333333333333332,0.6935110779843445,0.6935114514282625,0.5,0.5,0.0
335,"[30, 15, 10]",0.01,8,sigmoid,0.1,3,55,18.333333333333332,0.6935105754450602,0.6935161220521567,0.5,0.5,0.0
336,"[30, 15, 10]",0.01,8,sigmoid,0.5,3,55,18.333333333333332,0.6781334896292662,0.6797525513552574,0.6121951219512195,0.5975609756097561,0.014634146341463428
337,"[30, 15, 10]",0.01,16,relu,0.05,3,55,18.333333333333332,0.692713655348682,0.6927573883647801,0.5,0.5,0.0
338,"[30, 15, 10]",0.01,16,relu,0.1,3,55,18.333333333333332,0.15419663545269688,0.17028123773241072,0.975609756097561,0.975609756097561,0.0
339,"[30, 15, 10]",0.01,16,relu,0.5,3,55,18.333333333333332,0.08822958742579033,0.13100743690331618,0.975609756097561,0.975609756097561,0.0
340,"[30, 15, 10]",0.01,16,sigmoid,0.05,3,55,18.333333333333332,0.6931690621524703,0.6931694245214123,0.5,0.5,0.0
341,"[30, 15, 10]",0.01,16,sigmoid,0.1,3,55,18.333333333333332,0.6931660280098179,0.6931714613793313,0.5,0.5,0.0
342,"[30, 15, 10]",0.01,16,sigmoid,0.5,3,55,18.333333333333332,0.6883142663343725,0.6892689172037287,0.5341463414634147,0.43902439024390244,0.09512195121951222
343,"[30, 15, 10]",0.05,4,relu,0.05,3,55,18.333333333333332,0.08684400312852238,0.13711963052280432,0.975609756097561,0.975609756097561,0.0
344,"[30, 15, 10]",0.05,4,relu,0.1,3,55,18.333333333333332,0.09954441654036224,0.13226001163635823,0.975609756097561,0.975609756097561,0.0
345,"[30, 15, 10]",0.05,4,relu,0.5,3,55,18.333333333333332,0.08320936239190205,0.24667780915923612,0.9780487804878049,0.9512195121951219,0.02682926829268295
346,"[30, 15, 10]",0.05,4,sigmoid,0.05,3,55,18.333333333333332,0.6950963886332469,0.6950966062929674,0.5,0.5,0.0
347,"[30, 15, 10]",0.05,4,sigmoid,0.1,3,55,18.333333333333332,0.695056688577607,0.6950591670800674,0.5,0.5,0.0
348,"[30, 15, 10]",0.05,4,sigmoid,0.5,3,55,18.333333333333332,0.11192201246324134,0.13452457236049256,0.975609756097561,0.975609756097561,0.0
349,"[30, 15, 10]",0.05,8,relu,0.05,3,55,18.333333333333332,0.11460677955856241,0.16068241236666506,0.973170731707317,0.9512195121951219,0.02195121951219514
350,"[30, 15, 10]",0.05,8,relu,0.1,3,55,18.333333333333332,0.1943463474405872,0.20241618565739922,0.9024390243902439,0.8780487804878049,0.024390243902439046
351,"[30, 15, 10]",0.05,8,relu,0.5,3,55,18.333333333333332,0.20064628835493847,0.29467435521330193,0.9048780487804878,0.8902439024390244,0.014634146341463428
352,"[30, 15, 10]",0.05,8,sigmoid,0.05,3,55,18.333333333333332,0.6966794995487338,0.6966799993266675,0.5,0.5,0.0
353,"[30, 15, 10]",0.05,8,sigmoid,0.1,3,55,18.333333333333332,0.6966571945538015,0.6966623869815416,0.5,0.5,0.0
354,"[30, 15, 10]",0.05,8,sigmoid,0.5,3,55,18.333333333333332,0.12865388462362912,0.1480975897895277,0.975609756097561,0.975609756097561,0.0
355,"[30, 15, 10]",0.05,16,relu,0.05,3,55,18.333333333333332,0.10690790580681336,0.14066714034549582,0.975609756097561,0.975609756097561,0.0
356,"[30, 15, 10]",0.05,16,relu,0.1,3,55,18.333333333333332,0.10280318193142955,0.11006482980985785,0.975609756097561,0.975609756097561,0.0
357,"[30, 15, 10]",0.05,16,relu,0.5,3,55,18.333333333333332,0.07777667157603396,0.16548451013034848,0.975609756097561,0.975609756097561,0.0
358,"[30, 15, 10]",0.05,16,sigmoid,0.05,3,55,18.333333333333332,0.6938636477268998,0.6938640208480198,0.5,0.5,0.0
359,"[30, 15, 10]",0.05,16,sigmoid,0.1,3,55,18.333333333333332,0.6938663664145984,0.6938719068702814,0.5,0.5,0.0
360,"[30, 15, 10]",0.05,16,sigmoid,0.5,3,55,18.333333333333332,0.16854520921812866,0.17137781616223843,0.975609756097561,0.975609756097561,0.0
361,"[30, 15, 10]",0.1,4,relu,0.05,3,55,18.333333333333332,0.08620252702541684,0.16866142192867895,0.975609756097561,0.9634146341463414,0.012195121951219523
362,"[30, 15, 10]",0.1,4,relu,0.1,3,55,18.333333333333332,0.10557774249010556,0.1925426616532587,0.975609756097561,0.975609756097561,0.0
363,"[30, 15, 10]",0.1,4,relu,0.5,3,55,18.333333333333332,0.09273178353746551,0.260046203149212,0.975609756097561,0.975609756097561,0.0
364,"[30, 15, 10]",0.1,4,sigmoid,0.05,3,55,18.333333333333332,0.696959001454761,0.6969588148032264,0.5,0.5,0.0
365,"[30, 15, 10]",0.1,4,sigmoid,0.1,3,55,18.333333333333332,0.6969637957267648,0.696964207496945,0.5,0.5,0.0
366,"[30, 15, 10]",0.1,4,sigmoid,0.5,3,55,18.333333333333332,0.10559521615740367,0.11986345361811976,0.975609756097561,0.975609756097561,0.0
367,"[30, 15, 10]",0.1,8,relu,0.05,3,55,18.333333333333332,0.09976154597132969,0.14195922945412418,0.9780487804878049,0.9512195121951219,0.02682926829268295
368,"[30, 15, 10]",0.1,8,relu,0.1,3,55,18.333333333333332,0.2649028336875905,0.27316416019509543,0.8097560975609757,0.8292682926829268,-0.019512195121951126
369,"[30, 15, 10]",0.1,8,relu,0.5,3,55,18.333333333333332,0.10757463106744376,0.2335636070314155,0.973170731707317,0.9634146341463414,0.009756097560975618
370,"[30, 15, 10]",0.1,8,sigmoid,0.05,3,55,18.333333333333332,0.6980083277470427,0.6980086067026137,0.5,0.5,0.0
371,"[30, 15, 10]",0.1,8,sigmoid,0.1,3,55,18.333333333333332,0.6979215363872296,0.6979244694443232,0.5,0.5,0.0
372,"[30, 15, 10]",0.1,8,sigmoid,0.5,3,55,18.333333333333332,0.13337845039536808,0.15937307640585782,0.973170731707317,0.9634146341463414,0.009756097560975618
373,"[30, 15, 10]",0.1,16,relu,0.05,3,55,18.333333333333332,0.09591985911331233,0.13260182282292846,0.975609756097561,0.9634146341463414,0.012195121951219523
374,"[30, 15, 10]",0.1,16,relu,0.1,3,55,18.333333333333332,0.09830494644039228,0.10739881981308173,0.975609756097561,0.975609756097561,0.0
375,"[30, 15, 10]",0.1,16,relu,0.5,3,55,18.333333333333332,0.08084854862107642,0.18019633125167242,0.975609756097561,0.9634146341463414,0.012195121951219523
376,"[30, 15, 10]",0.1,16,sigmoid,0.05,3,55,18.333333333333332,0.6952186871889935,0.6952191102187635,0.5,0.5,0.0
377,"[30, 15, 10]",0.1,16,sigmoid,0.1,3,55,18.333333333333332,0.6952039524886334,0.6952088660477564,0.5,0.5,0.0
378,"[30, 15, 10]",0.1,16,sigmoid,0.5,3,55,18.333333333333332,0.11976752048768724,0.13529443664888618,0.975609756097561,0.975609756097561,0.0
